{"parameters": {"game": "kuhn", "players": 3, "rank": 3, "suits": 3, "betting_parameters": [2, 4], "tie_solver": "accumulate", "branching_factor": 2, "depth": 4, "iset_probability": 1, "cards_per_player": 1, "starting_clue_tokens": 1, "color_distribution": [1, 1], "hanabi_utility_splitter": "uniform", "number_iterations": 100000, "bootstrap_iterations": 0, "check_every_iteration": 10000, "bound_joint_size": null, "reconstruct_every_iteration": 1, "reconstruct_not_optimal_plan": null, "algorithm": "cfr", "logfile": "1646554277log.log", "results": "results/", "build_datfile": null, "nodes_amount": 72, "leaves_amount": 78, "infoset_amount": 36}, "data": []}